sample_id,somatic_vcf,germline_vcf,has_germline
GABJHS,/sc/arion/projects/NGSCRC/Work/NRG-GY003/WES/Final_Annotated_Consensus_VCFs/GABJHS/final_annotated_refined_high_quality_consensus_GABJHS_2plus_callers_SOMATIC.vcf.gz,/sc/arion/projects/NGSCRC/Work/NRG-GY003/WES/Final_Annotated_Consensus_VCFs/GABJHS/final_consensus_pathogenic_germline_GABJHS.vcf.gz,true
GADBKF,/sc/arion/projects/NGSCRC/Work/NRG-GY003/WES/Final_Annotated_Consensus_VCFs/GADBKF/final_annotated_refined_high_quality_consensus_GADBKF_2plus_callers_SOMATIC.vcf.gz,/sc/arion/projects/NGSCRC/Work/NRG-GY003/WES/Final_Annotated_Consensus_VCFs/GADBKF/final_consensus_pathogenic_germline_GADBKF.vcf.gz,true
GADCFX,/sc/arion/projects/NGSCRC/Work/NRG-GY003/WES/Final_Annotated_Consensus_VCFs/GADCFX/final_annotated_refined_high_quality_consensus_GADCFX_2plus_callers_SOMATIC.vcf.gz,/sc/arion/projects/NGSCRC/Work/NRG-GY003/WES/Final_Annotated_Consensus_VCFs/GADCFX/final_consensus_pathogenic_germline_GADCFX.vcf.gz,true
GADCGA,/sc/arion/projects/NGSCRC/Work/NRG-GY003/WES/Final_Annotated_Consensus_VCFs/GADCGA/final_annotated_refined_high_quality_consensus_GADCGA_2plus_callers_SOMATIC.vcf.gz,/sc/arion/projects/NGSCRC/Work/NRG-GY003/WES/Final_Annotated_Consensus_VCFs/GADCGA/final_consensus_pathogenic_germline_GADCGA.vcf.gz,true
GADCGH,/sc/arion/projects/NGSCRC/Work/NRG-GY003/WES/Final_Annotated_Consensus_VCFs/GADCGH/final_annotated_refined_high_quality_consensus_GADCGH_2plus_callers_SOMATIC.vcf.gz,/sc/arion/projects/NGSCRC/Work/NRG-GY003/WES/Final_Annotated_Consensus_VCFs/GADCGH/final_consensus_pathogenic_germline_GADCGH.vcf.gz,true
GADCGP,/sc/arion/projects/NGSCRC/Work/NRG-GY003/WES/Final_Annotated_Consensus_VCFs/GADCGP/final_annotated_refined_high_quality_consensus_GADCGP_2plus_callers_SOMATIC.vcf.gz,/sc/arion/projects/NGSCRC/Work/NRG-GY003/WES/Final_Annotated_Consensus_VCFs/GADCGP/final_consensus_pathogenic_germline_GADCGP.vcf.gz,true
GADCGU,/sc/arion/projects/NGSCRC/Work/NRG-GY003/WES/Final_Annotated_Consensus_VCFs/GADCGU/final_annotated_refined_high_quality_consensus_GADCGU_2plus_callers_SOMATIC.vcf.gz,/sc/arion/projects/NGSCRC/Work/NRG-GY003/WES/Final_Annotated_Consensus_VCFs/GADCGU/final_consensus_pathogenic_germline_GADCGU.vcf.gz,true
GADCHA,/sc/arion/projects/NGSCRC/Work/NRG-GY003/WES/Final_Annotated_Consensus_VCFs/GADCHA/final_annotated_refined_high_quality_consensus_GADCHA_2plus_callers_SOMATIC.vcf.gz,/sc/arion/projects/NGSCRC/Work/NRG-GY003/WES/Final_Annotated_Consensus_VCFs/GADCHA/final_consensus_pathogenic_germline_GADCHA.vcf.gz,true
GADCHV,/sc/arion/projects/NGSCRC/Work/NRG-GY003/WES/Final_Annotated_Consensus_VCFs/GADCHV/final_annotated_refined_high_quality_consensus_GADCHV_2plus_callers_SOMATIC.vcf.gz,/sc/arion/projects/NGSCRC/Work/NRG-GY003/WES/Final_Annotated_Consensus_VCFs/GADCHV/final_consensus_pathogenic_germline_GADCHV.vcf.gz,true
GADCIB,/sc/arion/projects/NGSCRC/Work/NRG-GY003/WES/Final_Annotated_Consensus_VCFs/GADCIB/final_annotated_refined_high_quality_consensus_GADCIB_2plus_callers_SOMATIC.vcf.gz,/sc/arion/projects/NGSCRC/Work/NRG-GY003/WES/Final_Annotated_Consensus_VCFs/GADCIB/final_consensus_pathogenic_germline_GADCIB.vcf.gz,true
GADCIC,/sc/arion/projects/NGSCRC/Work/NRG-GY003/WES/Final_Annotated_Consensus_VCFs/GADCIC/final_annotated_refined_high_quality_consensus_GADCIC_2plus_callers_SOMATIC.vcf.gz,/sc/arion/projects/NGSCRC/Work/NRG-GY003/WES/Final_Annotated_Consensus_VCFs/GADCIC/final_consensus_pathogenic_germline_GADCIC.vcf.gz,true
GADCIR,/sc/arion/projects/NGSCRC/Work/NRG-GY003/WES/Final_Annotated_Consensus_VCFs/GADCIR/final_annotated_refined_high_quality_consensus_GADCIR_2plus_callers_SOMATIC.vcf.gz,/sc/arion/projects/NGSCRC/Work/NRG-GY003/WES/Final_Annotated_Consensus_VCFs/GADCIR/final_consensus_pathogenic_germline_GADCIR.vcf.gz,true
GADCJB,/sc/arion/projects/NGSCRC/Work/NRG-GY003/WES/Final_Annotated_Consensus_VCFs/GADCJB/final_annotated_refined_high_quality_consensus_GADCJB_2plus_callers_SOMATIC.vcf.gz,/sc/arion/projects/NGSCRC/Work/NRG-GY003/WES/Final_Annotated_Consensus_VCFs/GADCJB/final_consensus_pathogenic_germline_GADCJB.vcf.gz,true
GADCJG,/sc/arion/projects/NGSCRC/Work/NRG-GY003/WES/Final_Annotated_Consensus_VCFs/GADCJG/final_annotated_refined_high_quality_consensus_GADCJG_2plus_callers_SOMATIC.vcf.gz,/sc/arion/projects/NGSCRC/Work/NRG-GY003/WES/Final_Annotated_Consensus_VCFs/GADCJG/final_consensus_pathogenic_germline_GADCJG.vcf.gz,true
GADCJI,/sc/arion/projects/NGSCRC/Work/NRG-GY003/WES/Final_Annotated_Consensus_VCFs/GADCJI/final_annotated_refined_high_quality_consensus_GADCJI_2plus_callers_SOMATIC.vcf.gz,/sc/arion/projects/NGSCRC/Work/NRG-GY003/WES/Final_Annotated_Consensus_VCFs/GADCJI/final_consensus_pathogenic_germline_GADCJI.vcf.gz,true
GADCJR,/sc/arion/projects/NGSCRC/Work/NRG-GY003/WES/Final_Annotated_Consensus_VCFs/GADCJR/final_annotated_refined_high_quality_consensus_GADCJR_2plus_callers_SOMATIC.vcf.gz,/sc/arion/projects/NGSCRC/Work/NRG-GY003/WES/Final_Annotated_Consensus_VCFs/GADCJR/final_consensus_pathogenic_germline_GADCJR.vcf.gz,true
GADCJW,/sc/arion/projects/NGSCRC/Work/NRG-GY003/WES/Final_Annotated_Consensus_VCFs/GADCJW/final_annotated_refined_high_quality_consensus_GADCJW_2plus_callers_SOMATIC.vcf.gz,/sc/arion/projects/NGSCRC/Work/NRG-GY003/WES/Final_Annotated_Consensus_VCFs/GADCJW/final_consensus_pathogenic_germline_GADCJW.vcf.gz,true
GADCJX,/sc/arion/projects/NGSCRC/Work/NRG-GY003/WES/Final_Annotated_Consensus_VCFs/GADCJX/final_annotated_refined_high_quality_consensus_GADCJX_2plus_callers_SOMATIC.vcf.gz,/sc/arion/projects/NGSCRC/Work/NRG-GY003/WES/Final_Annotated_Consensus_VCFs/GADCJX/final_consensus_pathogenic_germline_GADCJX.vcf.gz,true
GADCJY,/sc/arion/projects/NGSCRC/Work/NRG-GY003/WES/Final_Annotated_Consensus_VCFs/GADCJY/final_annotated_refined_high_quality_consensus_GADCJY_2plus_callers_SOMATIC.vcf.gz,/sc/arion/projects/NGSCRC/Work/NRG-GY003/WES/Final_Annotated_Consensus_VCFs/GADCJY/final_consensus_pathogenic_germline_GADCJY.vcf.gz,true
GADCKL,/sc/arion/projects/NGSCRC/Work/NRG-GY003/WES/Final_Annotated_Consensus_VCFs/GADCKL/final_annotated_refined_high_quality_consensus_GADCKL_2plus_callers_SOMATIC.vcf.gz,/sc/arion/projects/NGSCRC/Work/NRG-GY003/WES/Final_Annotated_Consensus_VCFs/GADCKL/final_consensus_pathogenic_germline_GADCKL.vcf.gz,true
GADCKT,/sc/arion/projects/NGSCRC/Work/NRG-GY003/WES/Final_Annotated_Consensus_VCFs/GADCKT/final_annotated_refined_high_quality_consensus_GADCKT_2plus_callers_SOMATIC.vcf.gz,/sc/arion/projects/NGSCRC/Work/NRG-GY003/WES/Final_Annotated_Consensus_VCFs/GADCKT/final_consensus_pathogenic_germline_GADCKT.vcf.gz,true
GADCKZ,/sc/arion/projects/NGSCRC/Work/NRG-GY003/WES/Final_Annotated_Consensus_VCFs/GADCKZ/final_annotated_refined_high_quality_consensus_GADCKZ_2plus_callers_SOMATIC.vcf.gz,/sc/arion/projects/NGSCRC/Work/NRG-GY003/WES/Final_Annotated_Consensus_VCFs/GADCKZ/final_consensus_pathogenic_germline_GADCKZ.vcf.gz,true
GADCLD,/sc/arion/projects/NGSCRC/Work/NRG-GY003/WES/Final_Annotated_Consensus_VCFs/GADCLD/final_annotated_refined_high_quality_consensus_GADCLD_2plus_callers_SOMATIC.vcf.gz,/sc/arion/projects/NGSCRC/Work/NRG-GY003/WES/Final_Annotated_Consensus_VCFs/GADCLD/final_consensus_pathogenic_germline_GADCLD.vcf.gz,true
GADCLG,/sc/arion/projects/NGSCRC/Work/NRG-GY003/WES/Final_Annotated_Consensus_VCFs/GADCLG/final_annotated_refined_high_quality_consensus_GADCLG_2plus_callers_SOMATIC.vcf.gz,/sc/arion/projects/NGSCRC/Work/NRG-GY003/WES/Final_Annotated_Consensus_VCFs/GADCLG/final_consensus_pathogenic_germline_GADCLG.vcf.gz,true
GADCLR,/sc/arion/projects/NGSCRC/Work/NRG-GY003/WES/Final_Annotated_Consensus_VCFs/GADCLR/final_annotated_refined_high_quality_consensus_GADCLR_2plus_callers_SOMATIC.vcf.gz,/sc/arion/projects/NGSCRC/Work/NRG-GY003/WES/Final_Annotated_Consensus_VCFs/GADCLR/final_consensus_pathogenic_germline_GADCLR.vcf.gz,true
GADCLW,/sc/arion/projects/NGSCRC/Work/NRG-GY003/WES/Final_Annotated_Consensus_VCFs/GADCLW/final_annotated_refined_high_quality_consensus_GADCLW_2plus_callers_SOMATIC.vcf.gz,/sc/arion/projects/NGSCRC/Work/NRG-GY003/WES/Final_Annotated_Consensus_VCFs/GADCLW/final_consensus_pathogenic_germline_GADCLW.vcf.gz,true
GADCMA,/sc/arion/projects/NGSCRC/Work/NRG-GY003/WES/Final_Annotated_Consensus_VCFs/GADCMA/final_annotated_refined_high_quality_consensus_GADCMA_2plus_callers_SOMATIC.vcf.gz,/sc/arion/projects/NGSCRC/Work/NRG-GY003/WES/Final_Annotated_Consensus_VCFs/GADCMA/final_consensus_pathogenic_germline_GADCMA.vcf.gz,true
GADCMD,/sc/arion/projects/NGSCRC/Work/NRG-GY003/WES/Final_Annotated_Consensus_VCFs/GADCMD/final_annotated_refined_high_quality_consensus_GADCMD_2plus_callers_SOMATIC.vcf.gz,/sc/arion/projects/NGSCRC/Work/NRG-GY003/WES/Final_Annotated_Consensus_VCFs/GADCMD/final_consensus_pathogenic_germline_GADCMD.vcf.gz,true
GADCME,/sc/arion/projects/NGSCRC/Work/NRG-GY003/WES/Final_Annotated_Consensus_VCFs/GADCME/final_annotated_refined_high_quality_consensus_GADCME_2plus_callers_SOMATIC.vcf.gz,/sc/arion/projects/NGSCRC/Work/NRG-GY003/WES/Final_Annotated_Consensus_VCFs/GADCME/final_consensus_pathogenic_germline_GADCME.vcf.gz,true
GADCMZ,/sc/arion/projects/NGSCRC/Work/NRG-GY003/WES/Final_Annotated_Consensus_VCFs/GADCMZ/final_annotated_refined_high_quality_consensus_GADCMZ_2plus_callers_SOMATIC.vcf.gz,/sc/arion/projects/NGSCRC/Work/NRG-GY003/WES/Final_Annotated_Consensus_VCFs/GADCMZ/final_consensus_pathogenic_germline_GADCMZ.vcf.gz,true
GADCNA,/sc/arion/projects/NGSCRC/Work/NRG-GY003/WES/Final_Annotated_Consensus_VCFs/GADCNA/final_annotated_refined_high_quality_consensus_GADCNA_2plus_callers_SOMATIC.vcf.gz,/sc/arion/projects/NGSCRC/Work/NRG-GY003/WES/Final_Annotated_Consensus_VCFs/GADCNA/final_consensus_pathogenic_germline_GADCNA.vcf.gz,true
GADCNB,/sc/arion/projects/NGSCRC/Work/NRG-GY003/WES/Final_Annotated_Consensus_VCFs/GADCNB/final_annotated_refined_high_quality_consensus_GADCNB_2plus_callers_SOMATIC.vcf.gz,/sc/arion/projects/NGSCRC/Work/NRG-GY003/WES/Final_Annotated_Consensus_VCFs/GADCNB/final_consensus_pathogenic_germline_GADCNB.vcf.gz,true
GADCNC,/sc/arion/projects/NGSCRC/Work/NRG-GY003/WES/Final_Annotated_Consensus_VCFs/GADCNC/final_annotated_refined_high_quality_consensus_GADCNC_2plus_callers_SOMATIC.vcf.gz,,false
GADCNJ,/sc/arion/projects/NGSCRC/Work/NRG-GY003/WES/Final_Annotated_Consensus_VCFs/GADCNJ/final_annotated_refined_high_quality_consensus_GADCNJ_2plus_callers_SOMATIC.vcf.gz,/sc/arion/projects/NGSCRC/Work/NRG-GY003/WES/Final_Annotated_Consensus_VCFs/GADCNJ/final_consensus_pathogenic_germline_GADCNJ.vcf.gz,true
GADCNX,/sc/arion/projects/NGSCRC/Work/NRG-GY003/WES/Final_Annotated_Consensus_VCFs/GADCNX/final_annotated_refined_high_quality_consensus_GADCNX_2plus_callers_SOMATIC.vcf.gz,/sc/arion/projects/NGSCRC/Work/NRG-GY003/WES/Final_Annotated_Consensus_VCFs/GADCNX/final_consensus_pathogenic_germline_GADCNX.vcf.gz,true
GADCRF,/sc/arion/projects/NGSCRC/Work/NRG-GY003/WES/Final_Annotated_Consensus_VCFs/GADCRF/final_annotated_refined_high_quality_consensus_GADCRF_2plus_callers_SOMATIC.vcf.gz,/sc/arion/projects/NGSCRC/Work/NRG-GY003/WES/Final_Annotated_Consensus_VCFs/GADCRF/final_consensus_pathogenic_germline_GADCRF.vcf.gz,true
GADCRK,/sc/arion/projects/NGSCRC/Work/NRG-GY003/WES/Final_Annotated_Consensus_VCFs/GADCRK/final_annotated_refined_high_quality_consensus_GADCRK_2plus_callers_SOMATIC.vcf.gz,/sc/arion/projects/NGSCRC/Work/NRG-GY003/WES/Final_Annotated_Consensus_VCFs/GADCRK/final_consensus_pathogenic_germline_GADCRK.vcf.gz,true
GADCRT,/sc/arion/projects/NGSCRC/Work/NRG-GY003/WES/Final_Annotated_Consensus_VCFs/GADCRT/final_annotated_refined_high_quality_consensus_GADCRT_2plus_callers_SOMATIC.vcf.gz,,false
GADCRU,/sc/arion/projects/NGSCRC/Work/NRG-GY003/WES/Final_Annotated_Consensus_VCFs/GADCRU/final_annotated_refined_high_quality_consensus_GADCRU_2plus_callers_SOMATIC.vcf.gz,,false
GADCRW,/sc/arion/projects/NGSCRC/Work/NRG-GY003/WES/Final_Annotated_Consensus_VCFs/GADCRW/final_annotated_refined_high_quality_consensus_GADCRW_2plus_callers_SOMATIC.vcf.gz,,false
GADFXV,/sc/arion/projects/NGSCRC/Work/NRG-GY003/WES/Final_Annotated_Consensus_VCFs/GADFXV/final_annotated_refined_high_quality_consensus_GADFXV_2plus_callers_SOMATIC.vcf.gz,,false
GADFXX,/sc/arion/projects/NGSCRC/Work/NRG-GY003/WES/Final_Annotated_Consensus_VCFs/GADFXX/final_annotated_refined_high_quality_consensus_GADFXX_2plus_callers_SOMATIC.vcf.gz,/sc/arion/projects/NGSCRC/Work/NRG-GY003/WES/Final_Annotated_Consensus_VCFs/GADFXX/final_consensus_pathogenic_germline_GADFXX.vcf.gz,true
GADFYV,/sc/arion/projects/NGSCRC/Work/NRG-GY003/WES/Final_Annotated_Consensus_VCFs/GADFYV/final_annotated_refined_high_quality_consensus_GADFYV_2plus_callers_SOMATIC.vcf.gz,/sc/arion/projects/NGSCRC/Work/NRG-GY003/WES/Final_Annotated_Consensus_VCFs/GADFYV/final_consensus_pathogenic_germline_GADFYV.vcf.gz,true
GADFZF,/sc/arion/projects/NGSCRC/Work/NRG-GY003/WES/Final_Annotated_Consensus_VCFs/GADFZF/final_annotated_refined_high_quality_consensus_GADFZF_2plus_callers_SOMATIC.vcf.gz,/sc/arion/projects/NGSCRC/Work/NRG-GY003/WES/Final_Annotated_Consensus_VCFs/GADFZF/final_consensus_pathogenic_germline_GADFZF.vcf.gz,true
GADGAB,/sc/arion/projects/NGSCRC/Work/NRG-GY003/WES/Final_Annotated_Consensus_VCFs/GADGAB/final_annotated_refined_high_quality_consensus_GADGAB_2plus_callers_SOMATIC.vcf.gz,/sc/arion/projects/NGSCRC/Work/NRG-GY003/WES/Final_Annotated_Consensus_VCFs/GADGAB/final_consensus_pathogenic_germline_GADGAB.vcf.gz,true
GADGAC,/sc/arion/projects/NGSCRC/Work/NRG-GY003/WES/Final_Annotated_Consensus_VCFs/GADGAC/final_annotated_refined_high_quality_consensus_GADGAC_2plus_callers_SOMATIC.vcf.gz,/sc/arion/projects/NGSCRC/Work/NRG-GY003/WES/Final_Annotated_Consensus_VCFs/GADGAC/final_consensus_pathogenic_germline_GADGAC.vcf.gz,true
GADGAD,/sc/arion/projects/NGSCRC/Work/NRG-GY003/WES/Final_Annotated_Consensus_VCFs/GADGAD/final_annotated_refined_high_quality_consensus_GADGAD_2plus_callers_SOMATIC.vcf.gz,/sc/arion/projects/NGSCRC/Work/NRG-GY003/WES/Final_Annotated_Consensus_VCFs/GADGAD/final_consensus_pathogenic_germline_GADGAD.vcf.gz,true
GADGAE,/sc/arion/projects/NGSCRC/Work/NRG-GY003/WES/Final_Annotated_Consensus_VCFs/GADGAE/final_annotated_refined_high_quality_consensus_GADGAE_2plus_callers_SOMATIC.vcf.gz,,false
GADGAM,/sc/arion/projects/NGSCRC/Work/NRG-GY003/WES/Final_Annotated_Consensus_VCFs/GADGAM/final_annotated_refined_high_quality_consensus_GADGAM_2plus_callers_SOMATIC.vcf.gz,/sc/arion/projects/NGSCRC/Work/NRG-GY003/WES/Final_Annotated_Consensus_VCFs/GADGAM/final_consensus_pathogenic_germline_GADGAM.vcf.gz,true
GADGAR,/sc/arion/projects/NGSCRC/Work/NRG-GY003/WES/Final_Annotated_Consensus_VCFs/GADGAR/final_annotated_refined_high_quality_consensus_GADGAR_2plus_callers_SOMATIC.vcf.gz,/sc/arion/projects/NGSCRC/Work/NRG-GY003/WES/Final_Annotated_Consensus_VCFs/GADGAR/final_consensus_pathogenic_germline_GADGAR.vcf.gz,true
GADGAW,/sc/arion/projects/NGSCRC/Work/NRG-GY003/WES/Final_Annotated_Consensus_VCFs/GADGAW/final_annotated_refined_high_quality_consensus_GADGAW_2plus_callers_SOMATIC.vcf.gz,/sc/arion/projects/NGSCRC/Work/NRG-GY003/WES/Final_Annotated_Consensus_VCFs/GADGAW/final_consensus_pathogenic_germline_GADGAW.vcf.gz,true
GADGBF,/sc/arion/projects/NGSCRC/Work/NRG-GY003/WES/Final_Annotated_Consensus_VCFs/GADGBF/final_annotated_refined_high_quality_consensus_GADGBF_2plus_callers_SOMATIC.vcf.gz,/sc/arion/projects/NGSCRC/Work/NRG-GY003/WES/Final_Annotated_Consensus_VCFs/GADGBF/final_consensus_pathogenic_germline_GADGBF.vcf.gz,true
GADGBU,/sc/arion/projects/NGSCRC/Work/NRG-GY003/WES/Final_Annotated_Consensus_VCFs/GADGBU/final_annotated_refined_high_quality_consensus_GADGBU_2plus_callers_SOMATIC.vcf.gz,/sc/arion/projects/NGSCRC/Work/NRG-GY003/WES/Final_Annotated_Consensus_VCFs/GADGBU/final_consensus_pathogenic_germline_GADGBU.vcf.gz,true
GADGCM,/sc/arion/projects/NGSCRC/Work/NRG-GY003/WES/Final_Annotated_Consensus_VCFs/GADGCM/final_annotated_refined_high_quality_consensus_GADGCM_2plus_callers_SOMATIC.vcf.gz,/sc/arion/projects/NGSCRC/Work/NRG-GY003/WES/Final_Annotated_Consensus_VCFs/GADGCM/final_consensus_pathogenic_germline_GADGCM.vcf.gz,true
GADGCX,/sc/arion/projects/NGSCRC/Work/NRG-GY003/WES/Final_Annotated_Consensus_VCFs/GADGCX/final_annotated_refined_high_quality_consensus_GADGCX_2plus_callers_SOMATIC.vcf.gz,/sc/arion/projects/NGSCRC/Work/NRG-GY003/WES/Final_Annotated_Consensus_VCFs/GADGCX/final_consensus_pathogenic_germline_GADGCX.vcf.gz,true
GADGDC,/sc/arion/projects/NGSCRC/Work/NRG-GY003/WES/Final_Annotated_Consensus_VCFs/GADGDC/final_annotated_refined_high_quality_consensus_GADGDC_2plus_callers_SOMATIC.vcf.gz,/sc/arion/projects/NGSCRC/Work/NRG-GY003/WES/Final_Annotated_Consensus_VCFs/GADGDC/final_consensus_pathogenic_germline_GADGDC.vcf.gz,true
GADGDE,/sc/arion/projects/NGSCRC/Work/NRG-GY003/WES/Final_Annotated_Consensus_VCFs/GADGDE/final_annotated_refined_high_quality_consensus_GADGDE_2plus_callers_SOMATIC.vcf.gz,,false
GADGDF,/sc/arion/projects/NGSCRC/Work/NRG-GY003/WES/Final_Annotated_Consensus_VCFs/GADGDF/final_annotated_refined_high_quality_consensus_GADGDF_2plus_callers_SOMATIC.vcf.gz,/sc/arion/projects/NGSCRC/Work/NRG-GY003/WES/Final_Annotated_Consensus_VCFs/GADGDF/final_consensus_pathogenic_germline_GADGDF.vcf.gz,true
GADGDG,/sc/arion/projects/NGSCRC/Work/NRG-GY003/WES/Final_Annotated_Consensus_VCFs/GADGDG/final_annotated_refined_high_quality_consensus_GADGDG_2plus_callers_SOMATIC.vcf.gz,/sc/arion/projects/NGSCRC/Work/NRG-GY003/WES/Final_Annotated_Consensus_VCFs/GADGDG/final_consensus_pathogenic_germline_GADGDG.vcf.gz,true
GADGEI,/sc/arion/projects/NGSCRC/Work/NRG-GY003/WES/Final_Annotated_Consensus_VCFs/GADGEI/final_annotated_refined_high_quality_consensus_GADGEI_2plus_callers_SOMATIC.vcf.gz,,false
GADGEM,/sc/arion/projects/NGSCRC/Work/NRG-GY003/WES/Final_Annotated_Consensus_VCFs/GADGEM/final_annotated_refined_high_quality_consensus_GADGEM_2plus_callers_SOMATIC.vcf.gz,/sc/arion/projects/NGSCRC/Work/NRG-GY003/WES/Final_Annotated_Consensus_VCFs/GADGEM/final_consensus_pathogenic_germline_GADGEM.vcf.gz,true
GADGFF,/sc/arion/projects/NGSCRC/Work/NRG-GY003/WES/Final_Annotated_Consensus_VCFs/GADGFF/final_annotated_refined_high_quality_consensus_GADGFF_2plus_callers_SOMATIC.vcf.gz,/sc/arion/projects/NGSCRC/Work/NRG-GY003/WES/Final_Annotated_Consensus_VCFs/GADGFF/final_consensus_pathogenic_germline_GADGFF.vcf.gz,true
GADGFI,/sc/arion/projects/NGSCRC/Work/NRG-GY003/WES/Final_Annotated_Consensus_VCFs/GADGFI/final_annotated_refined_high_quality_consensus_GADGFI_2plus_callers_SOMATIC.vcf.gz,,false
GADGFK,/sc/arion/projects/NGSCRC/Work/NRG-GY003/WES/Final_Annotated_Consensus_VCFs/GADGFK/final_annotated_refined_high_quality_consensus_GADGFK_2plus_callers_SOMATIC.vcf.gz,/sc/arion/projects/NGSCRC/Work/NRG-GY003/WES/Final_Annotated_Consensus_VCFs/GADGFK/final_consensus_pathogenic_germline_GADGFK.vcf.gz,true
GADGGB,/sc/arion/projects/NGSCRC/Work/NRG-GY003/WES/Final_Annotated_Consensus_VCFs/GADGGB/final_annotated_refined_high_quality_consensus_GADGGB_2plus_callers_SOMATIC.vcf.gz,/sc/arion/projects/NGSCRC/Work/NRG-GY003/WES/Final_Annotated_Consensus_VCFs/GADGGB/final_consensus_pathogenic_germline_GADGGB.vcf.gz,true
GADGGC,/sc/arion/projects/NGSCRC/Work/NRG-GY003/WES/Final_Annotated_Consensus_VCFs/GADGGC/final_annotated_refined_high_quality_consensus_GADGGC_2plus_callers_SOMATIC.vcf.gz,/sc/arion/projects/NGSCRC/Work/NRG-GY003/WES/Final_Annotated_Consensus_VCFs/GADGGC/final_consensus_pathogenic_germline_GADGGC.vcf.gz,true
GADGGF,/sc/arion/projects/NGSCRC/Work/NRG-GY003/WES/Final_Annotated_Consensus_VCFs/GADGGF/final_annotated_refined_high_quality_consensus_GADGGF_2plus_callers_SOMATIC.vcf.gz,/sc/arion/projects/NGSCRC/Work/NRG-GY003/WES/Final_Annotated_Consensus_VCFs/GADGGF/final_consensus_pathogenic_germline_GADGGF.vcf.gz,true
GADGGJ,/sc/arion/projects/NGSCRC/Work/NRG-GY003/WES/Final_Annotated_Consensus_VCFs/GADGGJ/final_annotated_refined_high_quality_consensus_GADGGJ_2plus_callers_SOMATIC.vcf.gz,,false
GADGGL,/sc/arion/projects/NGSCRC/Work/NRG-GY003/WES/Final_Annotated_Consensus_VCFs/GADGGL/final_annotated_refined_high_quality_consensus_GADGGL_2plus_callers_SOMATIC.vcf.gz,/sc/arion/projects/NGSCRC/Work/NRG-GY003/WES/Final_Annotated_Consensus_VCFs/GADGGL/final_consensus_pathogenic_germline_GADGGL.vcf.gz,true
GADGGS,/sc/arion/projects/NGSCRC/Work/NRG-GY003/WES/Final_Annotated_Consensus_VCFs/GADGGS/final_annotated_refined_high_quality_consensus_GADGGS_2plus_callers_SOMATIC.vcf.gz,/sc/arion/projects/NGSCRC/Work/NRG-GY003/WES/Final_Annotated_Consensus_VCFs/GADGGS/final_consensus_pathogenic_germline_GADGGS.vcf.gz,true
GADGHG,/sc/arion/projects/NGSCRC/Work/NRG-GY003/WES/Final_Annotated_Consensus_VCFs/GADGHG/final_annotated_refined_high_quality_consensus_GADGHG_2plus_callers_SOMATIC.vcf.gz,/sc/arion/projects/NGSCRC/Work/NRG-GY003/WES/Final_Annotated_Consensus_VCFs/GADGHG/final_consensus_pathogenic_germline_GADGHG.vcf.gz,true
GADGHK,/sc/arion/projects/NGSCRC/Work/NRG-GY003/WES/Final_Annotated_Consensus_VCFs/GADGHK/final_annotated_refined_high_quality_consensus_GADGHK_2plus_callers_SOMATIC.vcf.gz,/sc/arion/projects/NGSCRC/Work/NRG-GY003/WES/Final_Annotated_Consensus_VCFs/GADGHK/final_consensus_pathogenic_germline_GADGHK.vcf.gz,true
GADGHL,/sc/arion/projects/NGSCRC/Work/NRG-GY003/WES/Final_Annotated_Consensus_VCFs/GADGHL/final_annotated_refined_high_quality_consensus_GADGHL_2plus_callers_SOMATIC.vcf.gz,/sc/arion/projects/NGSCRC/Work/NRG-GY003/WES/Final_Annotated_Consensus_VCFs/GADGHL/final_consensus_pathogenic_germline_GADGHL.vcf.gz,true
GADGHS,/sc/arion/projects/NGSCRC/Work/NRG-GY003/WES/Final_Annotated_Consensus_VCFs/GADGHS/final_annotated_refined_high_quality_consensus_GADGHS_2plus_callers_SOMATIC.vcf.gz,/sc/arion/projects/NGSCRC/Work/NRG-GY003/WES/Final_Annotated_Consensus_VCFs/GADGHS/final_consensus_pathogenic_germline_GADGHS.vcf.gz,true
GADGHU,/sc/arion/projects/NGSCRC/Work/NRG-GY003/WES/Final_Annotated_Consensus_VCFs/GADGHU/final_annotated_refined_high_quality_consensus_GADGHU_2plus_callers_SOMATIC.vcf.gz,,false
GADGHX,/sc/arion/projects/NGSCRC/Work/NRG-GY003/WES/Final_Annotated_Consensus_VCFs/GADGHX/final_annotated_refined_high_quality_consensus_GADGHX_2plus_callers_SOMATIC.vcf.gz,/sc/arion/projects/NGSCRC/Work/NRG-GY003/WES/Final_Annotated_Consensus_VCFs/GADGHX/final_consensus_pathogenic_germline_GADGHX.vcf.gz,true
GADGIH,/sc/arion/projects/NGSCRC/Work/NRG-GY003/WES/Final_Annotated_Consensus_VCFs/GADGIH/final_annotated_refined_high_quality_consensus_GADGIH_2plus_callers_SOMATIC.vcf.gz,/sc/arion/projects/NGSCRC/Work/NRG-GY003/WES/Final_Annotated_Consensus_VCFs/GADGIH/final_consensus_pathogenic_germline_GADGIH.vcf.gz,true
GADGII,/sc/arion/projects/NGSCRC/Work/NRG-GY003/WES/Final_Annotated_Consensus_VCFs/GADGII/final_annotated_refined_high_quality_consensus_GADGII_2plus_callers_SOMATIC.vcf.gz,/sc/arion/projects/NGSCRC/Work/NRG-GY003/WES/Final_Annotated_Consensus_VCFs/GADGII/final_consensus_pathogenic_germline_GADGII.vcf.gz,true
GADGIM,/sc/arion/projects/NGSCRC/Work/NRG-GY003/WES/Final_Annotated_Consensus_VCFs/GADGIM/final_annotated_refined_high_quality_consensus_GADGIM_2plus_callers_SOMATIC.vcf.gz,/sc/arion/projects/NGSCRC/Work/NRG-GY003/WES/Final_Annotated_Consensus_VCFs/GADGIM/final_consensus_pathogenic_germline_GADGIM.vcf.gz,true
GADGIN,/sc/arion/projects/NGSCRC/Work/NRG-GY003/WES/Final_Annotated_Consensus_VCFs/GADGIN/final_annotated_refined_high_quality_consensus_GADGIN_2plus_callers_SOMATIC.vcf.gz,/sc/arion/projects/NGSCRC/Work/NRG-GY003/WES/Final_Annotated_Consensus_VCFs/GADGIN/final_consensus_pathogenic_germline_GADGIN.vcf.gz,true
GADGIZ,/sc/arion/projects/NGSCRC/Work/NRG-GY003/WES/Final_Annotated_Consensus_VCFs/GADGIZ/final_annotated_refined_high_quality_consensus_GADGIZ_2plus_callers_SOMATIC.vcf.gz,/sc/arion/projects/NGSCRC/Work/NRG-GY003/WES/Final_Annotated_Consensus_VCFs/GADGIZ/final_consensus_pathogenic_germline_GADGIZ.vcf.gz,true
GADGJI,/sc/arion/projects/NGSCRC/Work/NRG-GY003/WES/Final_Annotated_Consensus_VCFs/GADGJI/final_annotated_refined_high_quality_consensus_GADGJI_2plus_callers_SOMATIC.vcf.gz,/sc/arion/projects/NGSCRC/Work/NRG-GY003/WES/Final_Annotated_Consensus_VCFs/GADGJI/final_consensus_pathogenic_germline_GADGJI.vcf.gz,true
GADGJP,/sc/arion/projects/NGSCRC/Work/NRG-GY003/WES/Final_Annotated_Consensus_VCFs/GADGJP/final_annotated_refined_high_quality_consensus_GADGJP_2plus_callers_SOMATIC.vcf.gz,,false
GADGJW,/sc/arion/projects/NGSCRC/Work/NRG-GY003/WES/Final_Annotated_Consensus_VCFs/GADGJW/final_annotated_refined_high_quality_consensus_GADGJW_2plus_callers_SOMATIC.vcf.gz,,false
GADGKJ,/sc/arion/projects/NGSCRC/Work/NRG-GY003/WES/Final_Annotated_Consensus_VCFs/GADGKJ/final_annotated_refined_high_quality_consensus_GADGKJ_2plus_callers_SOMATIC.vcf.gz,/sc/arion/projects/NGSCRC/Work/NRG-GY003/WES/Final_Annotated_Consensus_VCFs/GADGKJ/final_consensus_pathogenic_germline_GADGKJ.vcf.gz,true
GADGMX,/sc/arion/projects/NGSCRC/Work/NRG-GY003/WES/Final_Annotated_Consensus_VCFs/GADGMX/final_annotated_refined_high_quality_consensus_GADGMX_2plus_callers_SOMATIC.vcf.gz,/sc/arion/projects/NGSCRC/Work/NRG-GY003/WES/Final_Annotated_Consensus_VCFs/GADGMX/final_consensus_pathogenic_germline_GADGMX.vcf.gz,true
